id;nome;cpf;data_nascimento;criacao
1;Buckinghamshire transmitting;multimedia;2022-03-23;2022-03-23T19:13:04
2;Quetzal Crianças Data;program;2022-03-23;2022-03-23T03:12:47
3;Leone Roraima;Janeiro;2022-03-23;2022-03-23T13:12:24
4;program Rústico;Berkshire user-centric Madeira;2022-03-23;2022-03-23T11:41:58
5;program Forward;Automotivo Marginal;2022-03-22;2022-03-23T03:00:50
6;Genérico morph;withdrawal empower microchip;2022-03-23;2022-03-23T05:48:54
7;to Front-line;Montserrat Corporate;2022-03-23;2022-03-23T20:49:32
8;Luvas motivating virtual;Bedfordshire;2022-03-23;2022-03-23T13:50:18
9;impactful Tunísia Pound;generating Incrível e-commerce;2022-03-23;2022-03-23T17:17:38
10;methodology invoice CSS;Refinado Uganda;2022-03-23;2022-03-23T05:15:47
